zip,district
02108,A1
02109,A1
02110,A1
02111,A1
02113,A1
02114,A1
02115,D4
02116,D4
02118,D4
02199,D4
02215,D4
02119,B2
02120,B2
02121,B2
02122,C11
02124,C11
02125,C11
02126,B3
02127,C6
02210,C6
02128,A7
02129,A15
02130,E13
02131,E5
02132,E5
02134,D14
02135,D14
02136,E18
